{
  "timestamp": "2025-09-27T21:02:06.571253",
  "optimization": {
    "weights": {
      "sarimax": 6.927791673660979e-13,
      "lstm": 3.0553337637684313e-13,
      "lightgbm": 0.9999999999990017
    },
    "best_score": 1.4117513586846764,
    "optimization_method": "scipy",
    "loss_function": "mae"
  },
  "performance": {
    "ensemble": {
      "mae": 1.4117513586846764,
      "rmse": 1.7564480316934006
    }
  },
  "weights": {
    "sarimax": 6.927791673660979e-13,
    "lstm": 3.0553337637684313e-13,
    "lightgbm": 0.9999999999990017
  }
}