model,estimated_cost
LightGBM,4044.389157613626
StackingEnsemble,4369.316687873444
SARIMAX,15601.103978306515
